id,id_controle_catalogo,id_controle_contrato,entidade_codigo,entidade_sigla,entidade_razao_social,contrato_numero,contrato_objeto,contrato_gestor,contrato_equipe,contrato_data_assinatura,fornecedor_cnpj,fornecedor_razao_social,catalogo_codigo,catalogo_aprovacao,catalogo_status,catalogo_publicado,catalogo_data_aprovacao,catalogo_data_publicacao,catalogo_data_inicio,catalogo_data_termino,item_data_validade,item_codigo,item_descricao,item_codigo_corporativo,item_tipo,unidade_medida_descricao,valor_unitario,qtde_estimada,qtde_consumida,valor_estimado,valor_consumido,percentual_consumido,numero_processo_origem,inativo,usuario_nome,forma_pagamento_descricao,criado_em,atualizado_em,empresa_id
13039,4578,3414,30,HRDIII,HOSPITAL REGIONAL DE DOURADOS ,30.2026.01390.3,"<p>Trata-se de contrata&#231;&#227;o de empresa para loca&#231;&#227;o de equipamentos de limpeza de pisos com fornecimento de pe&#231;as, assist&#234;ncia t&#233;cnica e treinamento.</p>",DIEGO BATISTA DA SILVA E SOUZA,BÁRBARA ANDRADE MACHADO,2026-08-04 17:35:53.760000-03:00,48727957000160,UNICA LOCAÇÕES E SERVIÇOS LTDA,30.2026.01390-98,Aprovado,Vigente,False,2026-08-07 10:37:11.353000-03:00,,2026-08-04 00:00:00-03:00,2027-08-04 23:59:59-03:00,2027-08-04 23:59:59-03:00,11106S,SERV LOCACAO LAVADORA DE PISO COMPACTA A BATERIA - 350 MM,11106S,SERVIÇO,UNIDADE,1542.50,48.00,0.00,74040.00,0.00,0.00,CTS30.2026.JUN.01390,False,STEFANY CRISTINA PEREIRA DA SILVA,30 DIAS,2026-09-08 00:01:26.228283-03:00,2026-09-08 00:01:26.228283-03:00,9
13040,4578,3414,30,HRDIII,HOSPITAL REGIONAL DE DOURADOS ,30.2026.01390.3,"<p>Trata-se de contrata&#231;&#227;o de empresa para loca&#231;&#227;o de equipamentos de limpeza de pisos com fornecimento de pe&#231;as, assist&#234;ncia t&#233;cnica e treinamento.</p>",DIEGO BATISTA DA SILVA E SOUZA,BÁRBARA ANDRADE MACHADO,2026-08-04 17:35:53.760000-03:00,48727957000160,UNICA LOCAÇÕES E SERVIÇOS LTDA,30.2026.01390-98,Aprovado,Vigente,False,2026-08-07 10:37:11.353000-03:00,,2026-08-04 00:00:00-03:00,2027-08-04 23:59:59-03:00,2027-08-04 23:59:59-03:00,11107S,SERV LOCACAO KIT SOPRADOR A BATERIA 40V CARREGADOR TURBO,11107S,SERVIÇO,UNIDADE,748.60,48.00,0.00,35932.80,0.00,0.00,CTS30.2026.JUN.01390,False,STEFANY CRISTINA PEREIRA DA SILVA,30 DIAS,2026-09-08 00:01:26.228284-03:00,2026-09-08 00:01:26.228284-03:00,9
13041,4578,3414,30,HRDIII,HOSPITAL REGIONAL DE DOURADOS ,30.2026.01390.3,"<p>Trata-se de contrata&#231;&#227;o de empresa para loca&#231;&#227;o de equipamentos de limpeza de pisos com fornecimento de pe&#231;as, assist&#234;ncia t&#233;cnica e treinamento.</p>",DIEGO BATISTA DA SILVA E SOUZA,BÁRBARA ANDRADE MACHADO,2026-08-04 17:35:53.760000-03:00,48727957000160,UNICA LOCAÇÕES E SERVIÇOS LTDA,30.2026.01390-98,Aprovado,Vigente,False,2026-08-07 10:37:11.353000-03:00,,2026-08-04 00:00:00-03:00,2027-08-04 23:59:59-03:00,2027-08-04 23:59:59-03:00,11111S,SERV LOCACAO DE ENCERADEIRA DE BAIXA E ALTA ROTACAO,11111S,SERVIÇO,UNIDADE,450.00,96.00,0.00,43200.00,0.00,0.00,CTS30.2026.JUN.01390,False,STEFANY CRISTINA PEREIRA DA SILVA,30 DIAS,2026-09-08 00:01:26.228285-03:00,2026-09-08 00:01:26.228286-03:00,9
13042,4578,3414,30,HRDIII,HOSPITAL REGIONAL DE DOURADOS ,30.2026.01390.3,"<p>Trata-se de contrata&#231;&#227;o de empresa para loca&#231;&#227;o de equipamentos de limpeza de pisos com fornecimento de pe&#231;as, assist&#234;ncia t&#233;cnica e treinamento.</p>",DIEGO BATISTA DA SILVA E SOUZA,BÁRBARA ANDRADE MACHADO,2026-08-04 17:35:53.760000-03:00,48727957000160,UNICA LOCAÇÕES E SERVIÇOS LTDA,30.2026.01390-98,Aprovado,Vigente,False,2026-08-07 10:37:11.353000-03:00,,2026-08-04 00:00:00-03:00,2027-08-04 23:59:59-03:00,2027-08-04 23:59:59-03:00,11222S,SERV LOCACAO D ASPIRADOR LAVADORA E EXTRATORA D CARP E ESTOF,11222S,SERVIÇO,UNIDADE,760.00,48.00,0.00,36480.00,0.00,0.00,CTS30.2026.JUN.01390,False,STEFANY CRISTINA PEREIRA DA SILVA,30 DIAS,2026-09-08 00:01:26.228286-03:00,2026-09-08 00:01:26.228287-03:00,9
13043,4587,3422,30,HRDIII,HOSPITAL REGIONAL DE DOURADOS ,CTS30.202.JUN.01362,"<span style=""font-family: Aptos; font-size: 16px; white-space-collapse: preserve;"">Trata-se de contrata&#231;&#227;o para loca&#231;&#227;o de carros multifuncionais e carros gari com fornecimento de assist&#234;ncia t&#233;cnica, pe&#231;as e suporte cont&#237;nuo</span>",JANNYS WINNDEY CAMARANO SILVA BALTAZAR,"BÁRBARA ANDRADE MACHADO, JULIANO CARVALHO PANÃO",2026-08-26 00:00:00-03:00,31394635000144,KRQU4TRO SOLUCOES EM SERVICOS LTDA,CTS30.2026.JUN.01362,Aprovado,Vigente,True,2026-08-12 22:28:44.123000-03:00,2026-08-26 19:17:25.093000-03:00,2026-08-26 00:00:00-03:00,2029-08-25 23:59:59-03:00,2029-08-25 00:00:00-03:00,11109S,SERV LOCACAO CARRO MULTIFUNCIONAL FECHADO P SACO D LIXO 90L,11109S,SERVIÇO,UNIDADE,260.95,936.00,0.00,244249.20,0.00,0.00,CTS30.2026.JUN.01362,False,CARLA AMARAL TROMBETA CORTES,30 DIAS,2026-09-08 00:01:26.232899-03:00,2026-09-08 00:01:26.232904-03:00,9
13044,4612,3439,30,HRDIII,HOSPITAL REGIONAL DE DOURADOS ,CTS30.2026.MAI.01282,"<p style=""font-variant-numeric: normal; font-variant-east-asian: normal; font-variant-alternates: normal; font-variant- normal; font-variant-emoji: normal;""><span style=""font-family: Arial, sans-serif; font-size: 12pt; text-align: justify;"">Fornecimento de aplicativo
m&#243;vel do tipo SaaS (Software como Servi&#231;o) para gest&#227;o e monitoramento do
servi&#231;o de transposi&#231;&#227;o de pacientes realizados pelos colaboradores maqueiros,
incluindo a instala&#231;&#227;o, assist&#234;ncia t&#233;cnica, suporte, manuten&#231;&#227;o e fornecimento
de 10 aparelhos celulares como comodato, sendo solicitado sob demanda da
contratante.</span></p>",PAULO RODRIGO MARCOL RIBEIRO,"TIAGO LIMBERGER, PAULO RODRIGO MARCOL RIBEIRO",2026-08-26 00:00:00-03:00,23128477000152,THIAGO SANTOS GALDERICE PEIXOTO,CTS30.2026.MAI.01282,Aprovado,Vigente,True,2026-08-14 13:13:23.063000-03:00,2026-08-28 11:31:55.760000-03:00,2026-08-26 00:00:00-03:00,2029-08-25 23:59:59-03:00,2029-08-25 23:59:59-03:00,522S,SERV DE IMPLANTACAO SETUP,522S,SERVIÇO,UNIDADE,15371.00,1.00,0.00,15371.00,0.00,0.00,CTS30.2026.MAI.01282,False,CARLA AMARAL TROMBETA CORTES,30 DIAS,2026-09-08 00:01:26.232905-03:00,2026-09-08 00:01:26.232906-03:00,9
13045,4612,3439,30,HRDIII,HOSPITAL REGIONAL DE DOURADOS ,CTS30.2026.MAI.01282,"<p style=""font-variant-numeric: normal; font-variant-east-asian: normal; font-variant-alternates: normal; font-variant- normal; font-variant-emoji: normal;""><span style=""font-family: Arial, sans-serif; font-size: 12pt; text-align: justify;"">Fornecimento de aplicativo
m&#243;vel do tipo SaaS (Software como Servi&#231;o) para gest&#227;o e monitoramento do
servi&#231;o de transposi&#231;&#227;o de pacientes realizados pelos colaboradores maqueiros,
incluindo a instala&#231;&#227;o, assist&#234;ncia t&#233;cnica, suporte, manuten&#231;&#227;o e fornecimento
de 10 aparelhos celulares como comodato, sendo solicitado sob demanda da
contratante.</span></p>",PAULO RODRIGO MARCOL RIBEIRO,"TIAGO LIMBERGER, PAULO RODRIGO MARCOL RIBEIRO",2026-08-26 00:00:00-03:00,23128477000152,THIAGO SANTOS GALDERICE PEIXOTO,CTS30.2026.MAI.01282,Aprovado,Vigente,True,2026-08-14 13:13:23.063000-03:00,2026-08-28 11:31:55.760000-03:00,2026-08-26 00:00:00-03:00,2029-08-25 23:59:59-03:00,2029-08-25 23:59:59-03:00,10310S,SERV MOBILE DE TRANSPORTE DE PACIENTES VIA APLICATIVO,10310S,SERVIÇO,MENSALIDADE,3271.80,36.00,0.00,117784.80,0.00,0.00,CTS30.2026.MAI.01282,False,CARLA AMARAL TROMBETA CORTES,30 DIAS,2026-09-08 00:01:26.232907-03:00,2026-09-08 00:01:26.232907-03:00,9
13046,4614,3440,30,HRDIII,HOSPITAL REGIONAL DE DOURADOS ,CTP30.2026.MAI.01286,"<span id=""docs-internal-guid-6553e25c-7fff-12f1-c939-fc061bebb381""><p dir=""ltr"" style=""1.3900000000000001;0pt;8pt;""><span style=""font-size: 12pt; font-family: Aptos; font-variant-numeric: normal; font-variant-east-asian: normal; font-variant-alternates: normal; font-variant- normal; font-variant-emoji: normal; vertical-align: baseline; white-space-collapse: preserve;"">Contrata&#231;&#227;o de empresa para fornecimento de produtos qu&#237;micos para higieniza&#231;&#227;o hospitalar com diluidores em comodato.</span></p><div><span style=""font-size: 12pt; font-family: Aptos; font-variant-numeric: normal; font-variant-east-asian: normal; font-variant-alternates: normal; font-variant- normal; font-variant-emoji: normal; vertical-align: baseline; white-space-collapse: preserve;""><br /></span></div></span>",DIEGO BATISTA DA SILVA E SOUZA,DIEGO BATISTA DA SILVA E SOUZA,2026-09-03 00:00:00-03:00,04992697000185,NOVA RENKO INDUSTRIAL LTDA,CTP30.2026.MAI.01286,Aprovado,Vigente,True,2026-08-17 15:41:54.527000-03:00,2026-09-05 09:29:33.243000-03:00,2026-09-03 00:00:00-03:00,2029-09-02 23:59:59-03:00,2029-09-02 23:59:59-03:00,73086,DETERGENTE NEUTRO CONCENTRADO DE USO GERAL EM HOSPITAIS 5L,73086,ITEM,UNIDADE,43.00,2088.00,0.00,89784.00,0.00,0.00,CTP30.2026.MAI.01286,False,LUANA RODRIGUES DE SOUSA,30 DIAS,2026-09-08 00:01:26.232908-03:00,2026-09-08 00:01:26.232908-03:00,9
13047,4614,3440,30,HRDIII,HOSPITAL REGIONAL DE DOURADOS ,CTP30.2026.MAI.01286,"<span id=""docs-internal-guid-6553e25c-7fff-12f1-c939-fc061bebb381""><p dir=""ltr"" style=""1.3900000000000001;0pt;8pt;""><span style=""font-size: 12pt; font-family: Aptos; font-variant-numeric: normal; font-variant-east-asian: normal; font-variant-alternates: normal; font-variant- normal; font-variant-emoji: normal; vertical-align: baseline; white-space-collapse: preserve;"">Contrata&#231;&#227;o de empresa para fornecimento de produtos qu&#237;micos para higieniza&#231;&#227;o hospitalar com diluidores em comodato.</span></p><div><span style=""font-size: 12pt; font-family: Aptos; font-variant-numeric: normal; font-variant-east-asian: normal; font-variant-alternates: normal; font-variant- normal; font-variant-emoji: normal; vertical-align: baseline; white-space-collapse: preserve;""><br /></span></div></span>",DIEGO BATISTA DA SILVA E SOUZA,DIEGO BATISTA DA SILVA E SOUZA,2026-09-03 00:00:00-03:00,04992697000185,NOVA RENKO INDUSTRIAL LTDA,CTP30.2026.MAI.01286,Aprovado,Vigente,True,2026-08-17 15:41:54.527000-03:00,2026-09-05 09:29:33.243000-03:00,2026-09-03 00:00:00-03:00,2029-09-02 23:59:59-03:00,2029-09-02 23:59:59-03:00,73089,DETERGENTE E DESINCRUSTANTE LIMPA PEDRA E FERRUGEM 5 LT,73089,ITEM,UNIDADE,50.00,288.00,0.00,14400.00,0.00,0.00,CTP30.2026.MAI.01286,False,LUANA RODRIGUES DE SOUSA,30 DIAS,2026-09-08 00:01:26.232909-03:00,2026-09-08 00:01:26.232910-03:00,9
13048,4614,3440,30,HRDIII,HOSPITAL REGIONAL DE DOURADOS ,CTP30.2026.MAI.01286,"<span id=""docs-internal-guid-6553e25c-7fff-12f1-c939-fc061bebb381""><p dir=""ltr"" style=""1.3900000000000001;0pt;8pt;""><span style=""font-size: 12pt; font-family: Aptos; font-variant-numeric: normal; font-variant-east-asian: normal; font-variant-alternates: normal; font-variant- normal; font-variant-emoji: normal; vertical-align: baseline; white-space-collapse: preserve;"">Contrata&#231;&#227;o de empresa para fornecimento de produtos qu&#237;micos para higieniza&#231;&#227;o hospitalar com diluidores em comodato.</span></p><div><span style=""font-size: 12pt; font-family: Aptos; font-variant-numeric: normal; font-variant-east-asian: normal; font-variant-alternates: normal; font-variant- normal; font-variant-emoji: normal; vertical-align: baseline; white-space-collapse: preserve;""><br /></span></div></span>",DIEGO BATISTA DA SILVA E SOUZA,DIEGO BATISTA DA SILVA E SOUZA,2026-09-03 00:00:00-03:00,04992697000185,NOVA RENKO INDUSTRIAL LTDA,CTP30.2026.MAI.01286,Aprovado,Vigente,True,2026-08-17 15:41:54.527000-03:00,2026-09-05 09:29:33.243000-03:00,2026-09-03 00:00:00-03:00,2029-09-02 23:59:59-03:00,2029-09-02 23:59:59-03:00,73091,DETERGENTE LIMPADOR GERAL A BASE DE PEROXIDO DE HIDROGENIO,73091,ITEM,GALÃO C/ 5 LITROS,56.09,1080.00,0.00,60577.20,0.00,0.00,CTP30.2026.MAI.01286,False,LUANA RODRIGUES DE SOUSA,30 DIAS,2026-09-08 00:01:26.232910-03:00,2026-09-08 00:01:26.232911-03:00,9
13049,4614,3440,30,HRDIII,HOSPITAL REGIONAL DE DOURADOS ,CTP30.2026.MAI.01286,"<span id=""docs-internal-guid-6553e25c-7fff-12f1-c939-fc061bebb381""><p dir=""ltr"" style=""1.3900000000000001;0pt;8pt;""><span style=""font-size: 12pt; font-family: Aptos; font-variant-numeric: normal; font-variant-east-asian: normal; font-variant-alternates: normal; font-variant- normal; font-variant-emoji: normal; vertical-align: baseline; white-space-collapse: preserve;"">Contrata&#231;&#227;o de empresa para fornecimento de produtos qu&#237;micos para higieniza&#231;&#227;o hospitalar com diluidores em comodato.</span></p><div><span style=""font-size: 12pt; font-family: Aptos; font-variant-numeric: normal; font-variant-east-asian: normal; font-variant-alternates: normal; font-variant- normal; font-variant-emoji: normal; vertical-align: baseline; white-space-collapse: preserve;""><br /></span></div></span>",DIEGO BATISTA DA SILVA E SOUZA,DIEGO BATISTA DA SILVA E SOUZA,2026-09-03 00:00:00-03:00,04992697000185,NOVA RENKO INDUSTRIAL LTDA,CTP30.2026.MAI.01286,Aprovado,Vigente,True,2026-08-17 15:41:54.527000-03:00,2026-09-05 09:29:33.243000-03:00,2026-09-03 00:00:00-03:00,2029-09-02 23:59:59-03:00,2029-09-02 23:59:59-03:00,76503,DETERGENTE DESINCRUSTANTE ALCALINO CLORADO GALAO C/ 5L,76503,ITEM,GALAO C/ 5 LITROS,39.20,1368.00,0.00,53625.60,0.00,0.00,CTP30.2026.MAI.01286,False,LUANA RODRIGUES DE SOUSA,30 DIAS,2026-09-08 00:01:26.232912-03:00,2026-09-08 00:01:26.232912-03:00,9
13050,4614,3440,30,HRDIII,HOSPITAL REGIONAL DE DOURADOS ,CTP30.2026.MAI.01286,"<span id=""docs-internal-guid-6553e25c-7fff-12f1-c939-fc061bebb381""><p dir=""ltr"" style=""1.3900000000000001;0pt;8pt;""><span style=""font-size: 12pt; font-family: Aptos; font-variant-numeric: normal; font-variant-east-asian: normal; font-variant-alternates: normal; font-variant- normal; font-variant-emoji: normal; vertical-align: baseline; white-space-collapse: preserve;"">Contrata&#231;&#227;o de empresa para fornecimento de produtos qu&#237;micos para higieniza&#231;&#227;o hospitalar com diluidores em comodato.</span></p><div><span style=""font-size: 12pt; font-family: Aptos; font-variant-numeric: normal; font-variant-east-asian: normal; font-variant-alternates: normal; font-variant- normal; font-variant-emoji: normal; vertical-align: baseline; white-space-collapse: preserve;""><br /></span></div></span>",DIEGO BATISTA DA SILVA E SOUZA,DIEGO BATISTA DA SILVA E SOUZA,2026-09-03 00:00:00-03:00,04992697000185,NOVA RENKO INDUSTRIAL LTDA,CTP30.2026.MAI.01286,Aprovado,Vigente,True,2026-08-17 15:41:54.527000-03:00,2026-09-05 09:29:33.243000-03:00,2026-09-03 00:00:00-03:00,2029-09-02 23:59:59-03:00,2029-09-02 23:59:59-03:00,101862,REMOVEDOR DE CERA SEM CHEIRO DE ALTA EFICIENCIA 5LT,101862,ITEM,GL C/ 5 L,79.99,360.00,0.00,28796.40,0.00,0.00,CTP30.2026.MAI.01286,False,LUANA RODRIGUES DE SOUSA,30 DIAS,2026-09-08 00:01:26.232913-03:00,2026-09-08 00:01:26.232913-03:00,9
13051,4614,3440,30,HRDIII,HOSPITAL REGIONAL DE DOURADOS ,CTP30.2026.MAI.01286,"<span id=""docs-internal-guid-6553e25c-7fff-12f1-c939-fc061bebb381""><p dir=""ltr"" style=""1.3900000000000001;0pt;8pt;""><span style=""font-size: 12pt; font-family: Aptos; font-variant-numeric: normal; font-variant-east-asian: normal; font-variant-alternates: normal; font-variant- normal; font-variant-emoji: normal; vertical-align: baseline; white-space-collapse: preserve;"">Contrata&#231;&#227;o de empresa para fornecimento de produtos qu&#237;micos para higieniza&#231;&#227;o hospitalar com diluidores em comodato.</span></p><div><span style=""font-size: 12pt; font-family: Aptos; font-variant-numeric: normal; font-variant-east-asian: normal; font-variant-alternates: normal; font-variant- normal; font-variant-emoji: normal; vertical-align: baseline; white-space-collapse: preserve;""><br /></span></div></span>",DIEGO BATISTA DA SILVA E SOUZA,DIEGO BATISTA DA SILVA E SOUZA,2026-09-03 00:00:00-03:00,04992697000185,NOVA RENKO INDUSTRIAL LTDA,CTP30.2026.MAI.01286,Aprovado,Vigente,True,2026-08-17 15:41:54.527000-03:00,2026-09-05 09:29:33.243000-03:00,2026-09-03 00:00:00-03:00,2029-09-02 23:59:59-03:00,2029-09-02 23:59:59-03:00,105714,LIMPADOR BRILHA INOX 5 LITROS,105714,ITEM,GL C/ 5 L,64.94,72.00,0.00,4675.68,0.00,0.00,CTP30.2026.MAI.01286,False,LUANA RODRIGUES DE SOUSA,30 DIAS,2026-09-08 00:01:26.232914-03:00,2026-09-08 00:01:26.232915-03:00,9
13052,4614,3440,30,HRDIII,HOSPITAL REGIONAL DE DOURADOS ,CTP30.2026.MAI.01286,"<span id=""docs-internal-guid-6553e25c-7fff-12f1-c939-fc061bebb381""><p dir=""ltr"" style=""1.3900000000000001;0pt;8pt;""><span style=""font-size: 12pt; font-family: Aptos; font-variant-numeric: normal; font-variant-east-asian: normal; font-variant-alternates: normal; font-variant- normal; font-variant-emoji: normal; vertical-align: baseline; white-space-collapse: preserve;"">Contrata&#231;&#227;o de empresa para fornecimento de produtos qu&#237;micos para higieniza&#231;&#227;o hospitalar com diluidores em comodato.</span></p><div><span style=""font-size: 12pt; font-family: Aptos; font-variant-numeric: normal; font-variant-east-asian: normal; font-variant-alternates: normal; font-variant- normal; font-variant-emoji: normal; vertical-align: baseline; white-space-collapse: preserve;""><br /></span></div></span>",DIEGO BATISTA DA SILVA E SOUZA,DIEGO BATISTA DA SILVA E SOUZA,2026-09-03 00:00:00-03:00,04992697000185,NOVA RENKO INDUSTRIAL LTDA,CTP30.2026.MAI.01286,Aprovado,Vigente,True,2026-08-17 15:41:54.527000-03:00,2026-09-05 09:29:33.243000-03:00,2026-09-03 00:00:00-03:00,2029-09-02 23:59:59-03:00,2029-09-02 23:59:59-03:00,105935,RESTAURADOS DE INOX - 5L,105935,ITEM,GL C/ 5 L,163.40,72.00,0.00,11764.80,0.00,0.00,CTP30.2026.MAI.01286,False,LUANA RODRIGUES DE SOUSA,30 DIAS,2026-09-08 00:01:26.232915-03:00,2026-09-08 00:01:26.232916-03:00,9
13053,4614,3440,30,HRDIII,HOSPITAL REGIONAL DE DOURADOS ,CTP30.2026.MAI.01286,"<span id=""docs-internal-guid-6553e25c-7fff-12f1-c939-fc061bebb381""><p dir=""ltr"" style=""1.3900000000000001;0pt;8pt;""><span style=""font-size: 12pt; font-family: Aptos; font-variant-numeric: normal; font-variant-east-asian: normal; font-variant-alternates: normal; font-variant- normal; font-variant-emoji: normal; vertical-align: baseline; white-space-collapse: preserve;"">Contrata&#231;&#227;o de empresa para fornecimento de produtos qu&#237;micos para higieniza&#231;&#227;o hospitalar com diluidores em comodato.</span></p><div><span style=""font-size: 12pt; font-family: Aptos; font-variant-numeric: normal; font-variant-east-asian: normal; font-variant-alternates: normal; font-variant- normal; font-variant-emoji: normal; vertical-align: baseline; white-space-collapse: preserve;""><br /></span></div></span>",DIEGO BATISTA DA SILVA E SOUZA,DIEGO BATISTA DA SILVA E SOUZA,2026-09-03 00:00:00-03:00,04992697000185,NOVA RENKO INDUSTRIAL LTDA,CTP30.2026.MAI.01286,Aprovado,Vigente,True,2026-08-17 15:41:54.527000-03:00,2026-09-05 09:29:33.243000-03:00,2026-09-03 00:00:00-03:00,2029-09-02 23:59:59-03:00,2029-09-02 23:59:59-03:00,105936,ACABAMENTO ACRILICO ULTRA BRILHO 3X1 - UHS,105936,ITEM,GALÃO C/ 5 LITROS,101.60,1800.00,0.00,182871.00,0.00,0.00,CTP30.2026.MAI.01286,False,LUANA RODRIGUES DE SOUSA,30 DIAS,2026-09-08 00:01:26.232916-03:00,2026-09-08 00:01:26.232917-03:00,9
13054,4614,3440,30,HRDIII,HOSPITAL REGIONAL DE DOURADOS ,CTP30.2026.MAI.01286,"<span id=""docs-internal-guid-6553e25c-7fff-12f1-c939-fc061bebb381""><p dir=""ltr"" style=""1.3900000000000001;0pt;8pt;""><span style=""font-size: 12pt; font-family: Aptos; font-variant-numeric: normal; font-variant-east-asian: normal; font-variant-alternates: normal; font-variant- normal; font-variant-emoji: normal; vertical-align: baseline; white-space-collapse: preserve;"">Contrata&#231;&#227;o de empresa para fornecimento de produtos qu&#237;micos para higieniza&#231;&#227;o hospitalar com diluidores em comodato.</span></p><div><span style=""font-size: 12pt; font-family: Aptos; font-variant-numeric: normal; font-variant-east-asian: normal; font-variant-alternates: normal; font-variant- normal; font-variant-emoji: normal; vertical-align: baseline; white-space-collapse: preserve;""><br /></span></div></span>",DIEGO BATISTA DA SILVA E SOUZA,DIEGO BATISTA DA SILVA E SOUZA,2026-09-03 00:00:00-03:00,04992697000185,NOVA RENKO INDUSTRIAL LTDA,CTP30.2026.MAI.01286,Aprovado,Vigente,True,2026-08-17 15:41:54.527000-03:00,2026-09-05 09:29:33.243000-03:00,2026-09-03 00:00:00-03:00,2029-09-02 23:59:59-03:00,2029-09-02 23:59:59-03:00,105993,"LIMPA VIDROS 3 EM 1: LIMPA, DESENGORDURA E BRILHO 5L",105993,ITEM,GL C/ 5 L,29.00,144.00,0.00,4176.00,0.00,0.00,CTP30.2026.MAI.01286,False,LUANA RODRIGUES DE SOUSA,30 DIAS,2026-09-08 00:01:26.232918-03:00,2026-09-08 00:01:26.232918-03:00,9
13055,4614,3440,30,HRDIII,HOSPITAL REGIONAL DE DOURADOS ,CTP30.2026.MAI.01286,"<span id=""docs-internal-guid-6553e25c-7fff-12f1-c939-fc061bebb381""><p dir=""ltr"" style=""1.3900000000000001;0pt;8pt;""><span style=""font-size: 12pt; font-family: Aptos; font-variant-numeric: normal; font-variant-east-asian: normal; font-variant-alternates: normal; font-variant- normal; font-variant-emoji: normal; vertical-align: baseline; white-space-collapse: preserve;"">Contrata&#231;&#227;o de empresa para fornecimento de produtos qu&#237;micos para higieniza&#231;&#227;o hospitalar com diluidores em comodato.</span></p><div><span style=""font-size: 12pt; font-family: Aptos; font-variant-numeric: normal; font-variant-east-asian: normal; font-variant-alternates: normal; font-variant- normal; font-variant-emoji: normal; vertical-align: baseline; white-space-collapse: preserve;""><br /></span></div></span>",DIEGO BATISTA DA SILVA E SOUZA,DIEGO BATISTA DA SILVA E SOUZA,2026-09-03 00:00:00-03:00,04992697000185,NOVA RENKO INDUSTRIAL LTDA,CTP30.2026.MAI.01286,Aprovado,Vigente,True,2026-08-17 15:41:54.527000-03:00,2026-09-05 09:29:33.243000-03:00,2026-09-03 00:00:00-03:00,2029-09-02 23:59:59-03:00,2029-09-02 23:59:59-03:00,106048,DESINFETANTE HOSP A BASE DE QUATERNARIO DE AMONIO GL 5L,106048,ITEM,GL C/ 5 L,101.65,4680.00,0.00,475722.00,0.00,0.00,CTP30.2026.MAI.01286,False,LUANA RODRIGUES DE SOUSA,30 DIAS,2026-09-08 00:01:26.232919-03:00,2026-09-08 00:01:26.232920-03:00,9
13056,4616,3442,30,HRDIII,HOSPITAL REGIONAL DE DOURADOS ,CTP30.2026.MAI.01200,"<span id=""docs-internal-guid-9cba30b7-7fff-b6cf-ae49-a923a5590407""><span style=""font-size: 12pt; font-family: Aptos; font-variant-numeric: normal; font-variant-east-asian: normal; font-variant-alternates: normal; font-variant- normal; font-variant-emoji: normal; vertical-align: baseline; white-space-collapse: preserve;"">FORNECIMENTO CONT&#205;NUO DE UNIFORMES PARA EQUIPES DE HIGIENIZA&#199;&#195;O.<br /></span></span>",DIEGO BATISTA DA SILVA E SOUZA,BÁRBARA ANDRADE MACHADO,2026-08-31 00:00:00-03:00,37284567000147,DANIEL HENRIQUE DE SOUZA BLASSL  08574032735,CTP30.2026.MAI.01200,Aprovado,Vigente,True,2026-08-14 13:13:33.653000-03:00,2026-08-31 16:04:28.717000-03:00,2026-08-31 00:00:00-03:00,2027-08-30 23:59:59-03:00,,106825,CAMISETA COM MANGA LONGA E GOLA NA COR BEGE AREIA TAM. G,106825,ITEM,UNIDADE,44.00,176.00,0.00,7744.00,0.00,0.00,CTP30.2026.MAI.01200,False,DINE AMARANTES,60 DIAS,2026-09-08 00:01:26.237771-03:00,2026-09-08 00:01:26.237776-03:00,9
13057,4616,3442,30,HRDIII,HOSPITAL REGIONAL DE DOURADOS ,CTP30.2026.MAI.01200,"<span id=""docs-internal-guid-9cba30b7-7fff-b6cf-ae49-a923a5590407""><span style=""font-size: 12pt; font-family: Aptos; font-variant-numeric: normal; font-variant-east-asian: normal; font-variant-alternates: normal; font-variant- normal; font-variant-emoji: normal; vertical-align: baseline; white-space-collapse: preserve;"">FORNECIMENTO CONT&#205;NUO DE UNIFORMES PARA EQUIPES DE HIGIENIZA&#199;&#195;O.<br /></span></span>",DIEGO BATISTA DA SILVA E SOUZA,BÁRBARA ANDRADE MACHADO,2026-08-31 00:00:00-03:00,37284567000147,DANIEL HENRIQUE DE SOUZA BLASSL  08574032735,CTP30.2026.MAI.01200,Aprovado,Vigente,True,2026-08-14 13:13:33.653000-03:00,2026-08-31 16:04:28.717000-03:00,2026-08-31 00:00:00-03:00,2027-08-30 23:59:59-03:00,,27289,CALCA UNISSEX EM BRIM LEVE NA COR BEGE TAM G,27289,ITEM,UNIDADE,47.00,176.00,0.00,8272.00,0.00,0.00,CTP30.2026.MAI.01200,False,DINE AMARANTES,60 DIAS,2026-09-08 00:01:26.237776-03:00,2026-09-08 00:01:26.237777-03:00,9
13058,4616,3442,30,HRDIII,HOSPITAL REGIONAL DE DOURADOS ,CTP30.2026.MAI.01200,"<span id=""docs-internal-guid-9cba30b7-7fff-b6cf-ae49-a923a5590407""><span style=""font-size: 12pt; font-family: Aptos; font-variant-numeric: normal; font-variant-east-asian: normal; font-variant-alternates: normal; font-variant- normal; font-variant-emoji: normal; vertical-align: baseline; white-space-collapse: preserve;"">FORNECIMENTO CONT&#205;NUO DE UNIFORMES PARA EQUIPES DE HIGIENIZA&#199;&#195;O.<br /></span></span>",DIEGO BATISTA DA SILVA E SOUZA,BÁRBARA ANDRADE MACHADO,2026-08-31 00:00:00-03:00,37284567000147,DANIEL HENRIQUE DE SOUZA BLASSL  08574032735,CTP30.2026.MAI.01200,Aprovado,Vigente,True,2026-08-14 13:13:33.653000-03:00,2026-08-31 16:04:28.717000-03:00,2026-08-31 00:00:00-03:00,2027-08-30 23:59:59-03:00,,106929,CAMISETA C/ MANGA LONGA E GOLA BEGE AREIA TAM EXGG,106929,ITEM,UNIDADE,44.00,30.00,0.00,1320.00,0.00,0.00,CTP30.2026.MAI.01200,False,DINE AMARANTES,60 DIAS,2026-09-08 00:01:26.237778-03:00,2026-09-08 00:01:26.237778-03:00,9
13059,4616,3442,30,HRDIII,HOSPITAL REGIONAL DE DOURADOS ,CTP30.2026.MAI.01200,"<span id=""docs-internal-guid-9cba30b7-7fff-b6cf-ae49-a923a5590407""><span style=""font-size: 12pt; font-family: Aptos; font-variant-numeric: normal; font-variant-east-asian: normal; font-variant-alternates: normal; font-variant- normal; font-variant-emoji: normal; vertical-align: baseline; white-space-collapse: preserve;"">FORNECIMENTO CONT&#205;NUO DE UNIFORMES PARA EQUIPES DE HIGIENIZA&#199;&#195;O.<br /></span></span>",DIEGO BATISTA DA SILVA E SOUZA,BÁRBARA ANDRADE MACHADO,2026-08-31 00:00:00-03:00,37284567000147,DANIEL HENRIQUE DE SOUZA BLASSL  08574032735,CTP30.2026.MAI.01200,Aprovado,Vigente,True,2026-08-14 13:13:33.653000-03:00,2026-08-31 16:04:28.717000-03:00,2026-08-31 00:00:00-03:00,2027-08-30 23:59:59-03:00,,27288,CALCA EM BRIM LEVE NA COR BEGE TAM. GG,27288,ITEM,UNIDADE,47.00,66.00,0.00,3102.00,0.00,0.00,CTP30.2026.MAI.01200,False,DINE AMARANTES,60 DIAS,2026-09-08 00:01:26.237779-03:00,2026-09-08 00:01:26.237780-03:00,9
13060,4616,3442,30,HRDIII,HOSPITAL REGIONAL DE DOURADOS ,CTP30.2026.MAI.01200,"<span id=""docs-internal-guid-9cba30b7-7fff-b6cf-ae49-a923a5590407""><span style=""font-size: 12pt; font-family: Aptos; font-variant-numeric: normal; font-variant-east-asian: normal; font-variant-alternates: normal; font-variant- normal; font-variant-emoji: normal; vertical-align: baseline; white-space-collapse: preserve;"">FORNECIMENTO CONT&#205;NUO DE UNIFORMES PARA EQUIPES DE HIGIENIZA&#199;&#195;O.<br /></span></span>",DIEGO BATISTA DA SILVA E SOUZA,BÁRBARA ANDRADE MACHADO,2026-08-31 00:00:00-03:00,37284567000147,DANIEL HENRIQUE DE SOUZA BLASSL  08574032735,CTP30.2026.MAI.01200,Aprovado,Vigente,True,2026-08-14 13:13:33.653000-03:00,2026-08-31 16:04:28.717000-03:00,2026-08-31 00:00:00-03:00,2027-08-30 23:59:59-03:00,,27286,CALCA UNISSEX EM BRIM LEVE NA COR BEGE TAM P,27286,ITEM,UNIDADE,47.00,88.00,0.00,4136.00,0.00,0.00,CTP30.2026.MAI.01200,False,DINE AMARANTES,60 DIAS,2026-09-08 00:01:26.237780-03:00,2026-09-08 00:01:26.237781-03:00,9
13061,4616,3442,30,HRDIII,HOSPITAL REGIONAL DE DOURADOS ,CTP30.2026.MAI.01200,"<span id=""docs-internal-guid-9cba30b7-7fff-b6cf-ae49-a923a5590407""><span style=""font-size: 12pt; font-family: Aptos; font-variant-numeric: normal; font-variant-east-asian: normal; font-variant-alternates: normal; font-variant- normal; font-variant-emoji: normal; vertical-align: baseline; white-space-collapse: preserve;"">FORNECIMENTO CONT&#205;NUO DE UNIFORMES PARA EQUIPES DE HIGIENIZA&#199;&#195;O.<br /></span></span>",DIEGO BATISTA DA SILVA E SOUZA,BÁRBARA ANDRADE MACHADO,2026-08-31 00:00:00-03:00,37284567000147,DANIEL HENRIQUE DE SOUZA BLASSL  08574032735,CTP30.2026.MAI.01200,Aprovado,Vigente,True,2026-08-14 13:13:33.653000-03:00,2026-08-31 16:04:28.717000-03:00,2026-08-31 00:00:00-03:00,2027-08-30 23:59:59-03:00,,106928,CAMISETA C/ MANGA LONGA E GOLA BEGE AREIA TAM XGG,106928,ITEM,UNIDADE,44.00,30.00,0.00,1320.00,0.00,0.00,CTP30.2026.MAI.01200,False,DINE AMARANTES,60 DIAS,2026-09-08 00:01:26.237782-03:00,2026-09-08 00:01:26.237782-03:00,9
13062,4616,3442,30,HRDIII,HOSPITAL REGIONAL DE DOURADOS ,CTP30.2026.MAI.01200,"<span id=""docs-internal-guid-9cba30b7-7fff-b6cf-ae49-a923a5590407""><span style=""font-size: 12pt; font-family: Aptos; font-variant-numeric: normal; font-variant-east-asian: normal; font-variant-alternates: normal; font-variant- normal; font-variant-emoji: normal; vertical-align: baseline; white-space-collapse: preserve;"">FORNECIMENTO CONT&#205;NUO DE UNIFORMES PARA EQUIPES DE HIGIENIZA&#199;&#195;O.<br /></span></span>",DIEGO BATISTA DA SILVA E SOUZA,BÁRBARA ANDRADE MACHADO,2026-08-31 00:00:00-03:00,37284567000147,DANIEL HENRIQUE DE SOUZA BLASSL  08574032735,CTP30.2026.MAI.01200,Aprovado,Vigente,True,2026-08-14 13:13:33.653000-03:00,2026-08-31 16:04:28.717000-03:00,2026-08-31 00:00:00-03:00,2027-08-30 23:59:59-03:00,,106824,CAMISETA COM MANGA LONGA E GOLA NA COR BEGE AREIA TAM. GG,106824,ITEM,UNIDADE,44.00,66.00,0.00,2904.00,0.00,0.00,CTP30.2026.MAI.01200,False,DINE AMARANTES,60 DIAS,2026-09-08 00:01:26.237783-03:00,2026-09-08 00:01:26.237783-03:00,9
13063,4616,3442,30,HRDIII,HOSPITAL REGIONAL DE DOURADOS ,CTP30.2026.MAI.01200,"<span id=""docs-internal-guid-9cba30b7-7fff-b6cf-ae49-a923a5590407""><span style=""font-size: 12pt; font-family: Aptos; font-variant-numeric: normal; font-variant-east-asian: normal; font-variant-alternates: normal; font-variant- normal; font-variant-emoji: normal; vertical-align: baseline; white-space-collapse: preserve;"">FORNECIMENTO CONT&#205;NUO DE UNIFORMES PARA EQUIPES DE HIGIENIZA&#199;&#195;O.<br /></span></span>",DIEGO BATISTA DA SILVA E SOUZA,BÁRBARA ANDRADE MACHADO,2026-08-31 00:00:00-03:00,37284567000147,DANIEL HENRIQUE DE SOUZA BLASSL  08574032735,CTP30.2026.MAI.01200,Aprovado,Vigente,True,2026-08-14 13:13:33.653000-03:00,2026-08-31 16:04:28.717000-03:00,2026-08-31 00:00:00-03:00,2027-08-30 23:59:59-03:00,2027-08-30 23:59:59-03:00,106930,CALCA UNISSEX EM BRIM LEVE NA COR BEGE TAM EXGG,106930,ITEM,UNIDADE,47.00,30.00,0.00,1410.00,0.00,0.00,CTP30.2026.MAI.01200,False,DINE AMARANTES,60 DIAS,2026-09-08 00:01:26.244825-03:00,2026-09-08 00:01:26.244831-03:00,9
13064,4616,3442,30,HRDIII,HOSPITAL REGIONAL DE DOURADOS ,CTP30.2026.MAI.01200,"<span id=""docs-internal-guid-9cba30b7-7fff-b6cf-ae49-a923a5590407""><span style=""font-size: 12pt; font-family: Aptos; font-variant-numeric: normal; font-variant-east-asian: normal; font-variant-alternates: normal; font-variant- normal; font-variant-emoji: normal; vertical-align: baseline; white-space-collapse: preserve;"">FORNECIMENTO CONT&#205;NUO DE UNIFORMES PARA EQUIPES DE HIGIENIZA&#199;&#195;O.<br /></span></span>",DIEGO BATISTA DA SILVA E SOUZA,BÁRBARA ANDRADE MACHADO,2026-08-31 00:00:00-03:00,37284567000147,DANIEL HENRIQUE DE SOUZA BLASSL  08574032735,CTP30.2026.MAI.01200,Aprovado,Vigente,True,2026-08-14 13:13:33.653000-03:00,2026-08-31 16:04:28.717000-03:00,2026-08-31 00:00:00-03:00,2027-08-30 23:59:59-03:00,2027-08-30 23:59:59-03:00,106931,CALCA EM BRIM LEVE BEGE TAM XGG,106931,ITEM,UNIDADE,47.00,30.00,0.00,1410.00,0.00,0.00,CTP30.2026.MAI.01200,False,DINE AMARANTES,60 DIAS,2026-09-08 00:01:26.244832-03:00,2026-09-08 00:01:26.244832-03:00,9
13065,4616,3442,30,HRDIII,HOSPITAL REGIONAL DE DOURADOS ,CTP30.2026.MAI.01200,"<span id=""docs-internal-guid-9cba30b7-7fff-b6cf-ae49-a923a5590407""><span style=""font-size: 12pt; font-family: Aptos; font-variant-numeric: normal; font-variant-east-asian: normal; font-variant-alternates: normal; font-variant- normal; font-variant-emoji: normal; vertical-align: baseline; white-space-collapse: preserve;"">FORNECIMENTO CONT&#205;NUO DE UNIFORMES PARA EQUIPES DE HIGIENIZA&#199;&#195;O.<br /></span></span>",DIEGO BATISTA DA SILVA E SOUZA,BÁRBARA ANDRADE MACHADO,2026-08-31 00:00:00-03:00,37284567000147,DANIEL HENRIQUE DE SOUZA BLASSL  08574032735,CTP30.2026.MAI.01200,Aprovado,Vigente,True,2026-08-14 13:13:33.653000-03:00,2026-08-31 16:04:28.717000-03:00,2026-08-31 00:00:00-03:00,2027-08-30 23:59:59-03:00,,106827,CAMISETA COM MANGA LONGA E GOLA NA COR BEGE AREIA TAM. P,106827,ITEM,UNIDADE,44.00,88.00,0.00,3872.00,0.00,0.00,CTP30.2026.MAI.01200,False,DINE AMARANTES,60 DIAS,2026-09-08 00:01:26.247227-03:00,2026-09-08 00:01:26.247232-03:00,9
13066,4616,3442,30,HRDIII,HOSPITAL REGIONAL DE DOURADOS ,CTP30.2026.MAI.01200,"<span id=""docs-internal-guid-9cba30b7-7fff-b6cf-ae49-a923a5590407""><span style=""font-size: 12pt; font-family: Aptos; font-variant-numeric: normal; font-variant-east-asian: normal; font-variant-alternates: normal; font-variant- normal; font-variant-emoji: normal; vertical-align: baseline; white-space-collapse: preserve;"">FORNECIMENTO CONT&#205;NUO DE UNIFORMES PARA EQUIPES DE HIGIENIZA&#199;&#195;O.<br /></span></span>",DIEGO BATISTA DA SILVA E SOUZA,BÁRBARA ANDRADE MACHADO,2026-08-31 00:00:00-03:00,37284567000147,DANIEL HENRIQUE DE SOUZA BLASSL  08574032735,CTP30.2026.MAI.01200,Aprovado,Vigente,True,2026-08-14 13:13:33.653000-03:00,2026-08-31 16:04:28.717000-03:00,2026-08-31 00:00:00-03:00,2027-08-30 23:59:59-03:00,,106826,CAMISETA COM MANGA LONGA E GOLA NA COR BEGE AREIA TAM. M,106826,ITEM,UNIDADE,44.00,238.00,0.00,10472.00,0.00,0.00,CTP30.2026.MAI.01200,False,DINE AMARANTES,60 DIAS,2026-09-08 00:01:26.247233-03:00,2026-09-08 00:01:26.247233-03:00,9
13067,4616,3442,30,HRDIII,HOSPITAL REGIONAL DE DOURADOS ,CTP30.2026.MAI.01200,"<span id=""docs-internal-guid-9cba30b7-7fff-b6cf-ae49-a923a5590407""><span style=""font-size: 12pt; font-family: Aptos; font-variant-numeric: normal; font-variant-east-asian: normal; font-variant-alternates: normal; font-variant- normal; font-variant-emoji: normal; vertical-align: baseline; white-space-collapse: preserve;"">FORNECIMENTO CONT&#205;NUO DE UNIFORMES PARA EQUIPES DE HIGIENIZA&#199;&#195;O.<br /></span></span>",DIEGO BATISTA DA SILVA E SOUZA,BÁRBARA ANDRADE MACHADO,2026-08-31 00:00:00-03:00,37284567000147,DANIEL HENRIQUE DE SOUZA BLASSL  08574032735,CTP30.2026.MAI.01200,Aprovado,Vigente,True,2026-08-14 13:13:33.653000-03:00,2026-08-31 16:04:28.717000-03:00,2026-08-31 00:00:00-03:00,2027-08-30 23:59:59-03:00,,27287,CALCA UNISSEX EM BRIM LEVE NA COR BEGE TAM M,27287,ITEM,UNIDADE,47.00,238.00,0.00,11186.00,0.00,0.00,CTP30.2026.MAI.01200,False,DINE AMARANTES,60 DIAS,2026-09-08 00:01:26.247234-03:00,2026-09-08 00:01:26.247235-03:00,9
13068,4667,3462,30,HRDIII,HOSPITAL REGIONAL DE DOURADOS ,30.2026.01136.8,"<p class=""western"" align=""justify"" style="" 100%;  0cm;""> Trata-se da contrata&#231;&#227;o de licen&#231;a de uso de software destinado a gest&#227;o de informa&#231;&#245;es de cl&#237;nico-epidemiol&#243;gica de pacientes de alta complexidade, contemplando os m&#243;dulos Epimed Monitor UTI Adulto, Epimed Monitor UTI Pedi&#225;trica, Epimed Monitor CCIH, bem como os servi&#231;os de integra&#231;&#227;o e implementa&#231;&#227;o/treinamento.</p>",MARÍLIA BASTOS GONTIJO PULCHERIO,JOÃO ANGELO OSELAME HOFFMANN,2026-11-23 00:00:00-03:00,10542126000141,EPIMED SOLUTIONS TECNOLOGIA DE INFORMAÇÕES MÉDICAS S.A,30.2026.01136-103,Aprovado,Previsto,False,2026-08-27 09:09:21.250000-03:00,,2026-11-27 00:00:00-03:00,2029-11-30 23:59:59-03:00,2029-11-30 23:59:59-03:00,5539S,SERV DE LICENCA DE USO EPIMED UTI,5539S,SERVIÇO,MENSALIDADE,1950.00,36.00,0.00,70200.00,0.00,0.00,CTS30.2026.MAI.01136,False,STEFANY CRISTINA PEREIRA DA SILVA,30 DIAS,2026-09-08 00:01:26.251099-03:00,2026-09-08 00:01:26.251104-03:00,9
13069,4667,3462,30,HRDIII,HOSPITAL REGIONAL DE DOURADOS ,30.2026.01136.8,"<p class=""western"" align=""justify"" style="" 100%;  0cm;""> Trata-se da contrata&#231;&#227;o de licen&#231;a de uso de software destinado a gest&#227;o de informa&#231;&#245;es de cl&#237;nico-epidemiol&#243;gica de pacientes de alta complexidade, contemplando os m&#243;dulos Epimed Monitor UTI Adulto, Epimed Monitor UTI Pedi&#225;trica, Epimed Monitor CCIH, bem como os servi&#231;os de integra&#231;&#227;o e implementa&#231;&#227;o/treinamento.</p>",MARÍLIA BASTOS GONTIJO PULCHERIO,JOÃO ANGELO OSELAME HOFFMANN,2026-11-23 00:00:00-03:00,10542126000141,EPIMED SOLUTIONS TECNOLOGIA DE INFORMAÇÕES MÉDICAS S.A,30.2026.01136-103,Aprovado,Previsto,False,2026-08-27 09:09:21.250000-03:00,,2026-11-27 00:00:00-03:00,2029-11-30 23:59:59-03:00,2029-11-30 23:59:59-03:00,5540S,SERV DE LICENCA DE USO EPIMED CCIH,5540S,SERVIÇO,MENSALIDADE,2860.00,36.00,0.00,102960.00,0.00,0.00,CTS30.2026.MAI.01136,False,STEFANY CRISTINA PEREIRA DA SILVA,30 DIAS,2026-09-08 00:01:26.251105-03:00,2026-09-08 00:01:26.251105-03:00,9
13070,4667,3462,30,HRDIII,HOSPITAL REGIONAL DE DOURADOS ,30.2026.01136.8,"<p class=""western"" align=""justify"" style="" 100%;  0cm;""> Trata-se da contrata&#231;&#227;o de licen&#231;a de uso de software destinado a gest&#227;o de informa&#231;&#245;es de cl&#237;nico-epidemiol&#243;gica de pacientes de alta complexidade, contemplando os m&#243;dulos Epimed Monitor UTI Adulto, Epimed Monitor UTI Pedi&#225;trica, Epimed Monitor CCIH, bem como os servi&#231;os de integra&#231;&#227;o e implementa&#231;&#227;o/treinamento.</p>",MARÍLIA BASTOS GONTIJO PULCHERIO,JOÃO ANGELO OSELAME HOFFMANN,2026-11-23 00:00:00-03:00,10542126000141,EPIMED SOLUTIONS TECNOLOGIA DE INFORMAÇÕES MÉDICAS S.A,30.2026.01136-103,Aprovado,Previsto,False,2026-08-27 09:09:21.250000-03:00,,2026-11-27 00:00:00-03:00,2029-11-30 23:59:59-03:00,2029-11-30 23:59:59-03:00,10674S,SERV LIC SOFT GEST CLIN EPIDEMIO PACIEN ALTA COMPLEX UTI PED,10674S,SERVIÇO,MENSALIDADE,1350.00,36.00,0.00,48600.00,0.00,0.00,CTS30.2026.MAI.01136,False,STEFANY CRISTINA PEREIRA DA SILVA,30 DIAS,2026-09-08 00:01:26.251106-03:00,2026-09-08 00:01:26.251107-03:00,9
13071,4667,3462,30,HRDIII,HOSPITAL REGIONAL DE DOURADOS ,30.2026.01136.8,"<p class=""western"" align=""justify"" style="" 100%;  0cm;""> Trata-se da contrata&#231;&#227;o de licen&#231;a de uso de software destinado a gest&#227;o de informa&#231;&#245;es de cl&#237;nico-epidemiol&#243;gica de pacientes de alta complexidade, contemplando os m&#243;dulos Epimed Monitor UTI Adulto, Epimed Monitor UTI Pedi&#225;trica, Epimed Monitor CCIH, bem como os servi&#231;os de integra&#231;&#227;o e implementa&#231;&#227;o/treinamento.</p>",MARÍLIA BASTOS GONTIJO PULCHERIO,JOÃO ANGELO OSELAME HOFFMANN,2026-11-23 00:00:00-03:00,10542126000141,EPIMED SOLUTIONS TECNOLOGIA DE INFORMAÇÕES MÉDICAS S.A,30.2026.01136-103,Aprovado,Previsto,False,2026-08-27 09:09:21.250000-03:00,,2026-11-27 00:00:00-03:00,2029-11-30 23:59:59-03:00,2029-11-30 23:59:59-03:00,827S,SERV DE SETUP DE INTEGRACAO,827S,SERVIÇO,VALOR REAL,25500.00,1.00,0.00,25500.00,0.00,0.00,CTS30.2026.MAI.01136,False,STEFANY CRISTINA PEREIRA DA SILVA,30 DIAS,2026-09-08 00:01:26.251107-03:00,2026-09-08 00:01:26.251108-03:00,9
13072,4706,3029,30,HRDIII,HOSPITAL REGIONAL DE DOURADOS ,CTS30.2025.DEZ.00439,"<p style=""font-family: Arial, sans-serif; font-size: 16px; white-space-collapse: preserve; text-align: justify;""><span style=""font-size: 12pt;"">Loca&#231;&#227;o de equipamentos de Monitor Ambulatorial de Press&#227;o Arterial (MAPA) e Digitalizador de Holter.<strong><s></s></strong></span></p><div><span style=""font-size: 12pt;""><br /></span></div>",CARLOS ALBERTO DA SILVA JÚNIOR,"MAYCON VINICIUS RODRIGUES DA SILVA, EMILENE MEDINA DE CARVALHO",2026-08-28 00:00:00-03:00,04276380000142,ITMS DO BRASIL TELEMEDICINA LTDA,CTS30.2025.DEZ.00439 1° ADITIV,Aprovado,Vigente,True,2026-09-01 11:53:28.747000-03:00,2026-09-03 09:42:30.997000-03:00,2026-08-25 00:00:00-03:00,2026-10-24 23:59:59-03:00,,5111S,SERV LOCACAO DE EQUIPAMENTO PARA EXAMES DE HOLTER,5111S,SERVIÇO,UNIDADE,2580.84,12.00,0.00,30970.08,0.00,0.00,,False,SAIRO PAULO COELHO SILVA,30 DIAS,2026-09-08 00:01:26.256299-03:00,2026-09-08 00:01:26.256304-03:00,9
13073,4706,3029,30,HRDIII,HOSPITAL REGIONAL DE DOURADOS ,CTS30.2025.DEZ.00439,"<p style=""font-family: Arial, sans-serif; font-size: 16px; white-space-collapse: preserve; text-align: justify;""><span style=""font-size: 12pt;"">Loca&#231;&#227;o de equipamentos de Monitor Ambulatorial de Press&#227;o Arterial (MAPA) e Digitalizador de Holter.<strong><s></s></strong></span></p><div><span style=""font-size: 12pt;""><br /></span></div>",CARLOS ALBERTO DA SILVA JÚNIOR,"MAYCON VINICIUS RODRIGUES DA SILVA, EMILENE MEDINA DE CARVALHO",2026-08-28 00:00:00-03:00,04276380000142,ITMS DO BRASIL TELEMEDICINA LTDA,CTS30.2025.DEZ.00439 1° ADITIV,Aprovado,Vigente,True,2026-09-01 11:53:28.747000-03:00,2026-09-03 09:42:30.997000-03:00,2026-08-25 00:00:00-03:00,2026-10-24 23:59:59-03:00,,5986S,SERV LOCACAO DE EQUIPAMENTO PARA EXAME DE MAPA,5986S,SERVIÇO,UNIDADE,1775.00,12.00,0.00,21300.00,0.00,0.00,,False,SAIRO PAULO COELHO SILVA,30 DIAS,2026-09-08 00:01:26.256305-03:00,2026-09-08 00:01:26.256306-03:00,9
13074,4741,3502,30,HRDIII,HOSPITAL REGIONAL DE DOURADOS ,30.2026.01300.5,"<span id=""docs-internal-guid-188b2e01-7fff-877d-ba4b-64d1ab090ef3""><span style=""font-size: 12pt; font-family: Aptos; font-variant-numeric: normal; font-variant-east-asian: normal; font-variant-alternates: normal; font-variant- normal; font-variant-emoji: normal; vertical-align: baseline; white-space-collapse: preserve;"">  <p style=""text-align:justify""><span style=""font-size: 12pt; 107%; font-family: Arial, sans-serif;"">Trata-se de contrata&#231;&#227;o de empresa para fornecimento de insumos para higieniza&#231;&#227;o com dispensers.</span></p>  </span></span>",DIEGO BATISTA DA SILVA E SOUZA,BÁRBARA ANDRADE MACHADO,2026-09-03 20:56:14.783000-03:00,57633815000125,LEBLON HOSPITALAR LTDA,30.2026.01300-104,-,Vigente,False,,,2026-09-03 20:56:14.783000-03:00,2027-09-03 20:56:14.783000-03:00,,106280,PAPEL HIGIENICO ROLAO 09 CM X 300 M,106280,ITEM,UNIDADE,4.60,20232.00,0.00,93067.20,0.00,0.00,CTP30.2026.MAI.01300,False,LUANA RODRIGUES DE SOUSA,30 DIAS,2026-09-08 00:01:26.260336-03:00,2026-09-08 00:01:26.260341-03:00,9
13075,4741,3502,30,HRDIII,HOSPITAL REGIONAL DE DOURADOS ,30.2026.01300.5,"<span id=""docs-internal-guid-188b2e01-7fff-877d-ba4b-64d1ab090ef3""><span style=""font-size: 12pt; font-family: Aptos; font-variant-numeric: normal; font-variant-east-asian: normal; font-variant-alternates: normal; font-variant- normal; font-variant-emoji: normal; vertical-align: baseline; white-space-collapse: preserve;"">  <p style=""text-align:justify""><span style=""font-size: 12pt; 107%; font-family: Arial, sans-serif;"">Trata-se de contrata&#231;&#227;o de empresa para fornecimento de insumos para higieniza&#231;&#227;o com dispensers.</span></p>  </span></span>",DIEGO BATISTA DA SILVA E SOUZA,BÁRBARA ANDRADE MACHADO,2026-09-03 20:56:14.783000-03:00,57633815000125,LEBLON HOSPITALAR LTDA,30.2026.01300-104,-,Vigente,False,,,2026-09-03 20:56:14.783000-03:00,2027-09-03 20:56:14.783000-03:00,,105983,REFIL DE SABONETE EM ESPUMA 800 ML,105983,ITEM,UNIDADE,11.10,14832.00,0.00,164635.20,0.00,0.00,CTP30.2026.MAI.01300,False,LUANA RODRIGUES DE SOUSA,30 DIAS,2026-09-08 00:01:26.260342-03:00,2026-09-08 00:01:26.260343-03:00,9
13076,4741,3502,30,HRDIII,HOSPITAL REGIONAL DE DOURADOS ,30.2026.01300.5,"<span id=""docs-internal-guid-188b2e01-7fff-877d-ba4b-64d1ab090ef3""><span style=""font-size: 12pt; font-family: Aptos; font-variant-numeric: normal; font-variant-east-asian: normal; font-variant-alternates: normal; font-variant- normal; font-variant-emoji: normal; vertical-align: baseline; white-space-collapse: preserve;"">  <p style=""text-align:justify""><span style=""font-size: 12pt; 107%; font-family: Arial, sans-serif;"">Trata-se de contrata&#231;&#227;o de empresa para fornecimento de insumos para higieniza&#231;&#227;o com dispensers.</span></p>  </span></span>",DIEGO BATISTA DA SILVA E SOUZA,BÁRBARA ANDRADE MACHADO,2026-09-03 20:56:14.783000-03:00,57633815000125,LEBLON HOSPITALAR LTDA,30.2026.01300-104,-,Vigente,False,,,2026-09-03 20:56:14.783000-03:00,2027-09-03 20:56:14.783000-03:00,,45033,PAPEL TOALHA ROLO C/ 200M,45033,ITEM,ROLO,11.40,34272.00,0.00,390700.80,0.00,0.00,CTP30.2026.MAI.01300,False,LUANA RODRIGUES DE SOUSA,30 DIAS,2026-09-08 00:01:26.260344-03:00,2026-09-08 00:01:26.260344-03:00,9
13077,4741,3502,30,HRDIII,HOSPITAL REGIONAL DE DOURADOS ,30.2026.01300.5,"<span id=""docs-internal-guid-188b2e01-7fff-877d-ba4b-64d1ab090ef3""><span style=""font-size: 12pt; font-family: Aptos; font-variant-numeric: normal; font-variant-east-asian: normal; font-variant-alternates: normal; font-variant- normal; font-variant-emoji: normal; vertical-align: baseline; white-space-collapse: preserve;"">  <p style=""text-align:justify""><span style=""font-size: 12pt; 107%; font-family: Arial, sans-serif;"">Trata-se de contrata&#231;&#227;o de empresa para fornecimento de insumos para higieniza&#231;&#227;o com dispensers.</span></p>  </span></span>",DIEGO BATISTA DA SILVA E SOUZA,BÁRBARA ANDRADE MACHADO,2026-09-03 20:56:14.783000-03:00,57633815000125,LEBLON HOSPITALAR LTDA,30.2026.01300-104,-,Vigente,False,,,2026-09-03 20:56:14.783000-03:00,2027-09-03 20:56:14.783000-03:00,,328,COPO DESCARTAVEL TRANSPARENTE 200ML PCT C/ 100 UNIDADES,328,ITEM,PACOTE,4.50,43200.00,0.00,194400.00,0.00,0.00,CTP30.2026.MAI.01300,False,LUANA RODRIGUES DE SOUSA,30 DIAS,2026-09-08 00:01:26.260345-03:00,2026-09-08 00:01:26.260345-03:00,9
13078,4741,3502,30,HRDIII,HOSPITAL REGIONAL DE DOURADOS ,30.2026.01300.5,"<span id=""docs-internal-guid-188b2e01-7fff-877d-ba4b-64d1ab090ef3""><span style=""font-size: 12pt; font-family: Aptos; font-variant-numeric: normal; font-variant-east-asian: normal; font-variant-alternates: normal; font-variant- normal; font-variant-emoji: normal; vertical-align: baseline; white-space-collapse: preserve;"">  <p style=""text-align:justify""><span style=""font-size: 12pt; 107%; font-family: Arial, sans-serif;"">Trata-se de contrata&#231;&#227;o de empresa para fornecimento de insumos para higieniza&#231;&#227;o com dispensers.</span></p>  </span></span>",DIEGO BATISTA DA SILVA E SOUZA,BÁRBARA ANDRADE MACHADO,2026-09-03 20:56:14.783000-03:00,57633815000125,LEBLON HOSPITALAR LTDA,30.2026.01300-104,-,Vigente,False,,,2026-09-03 20:56:14.783000-03:00,2027-09-03 20:56:14.783000-03:00,,37648,DISPENSER P/ PAPEL HIGIENICO ROLAO,37648,ITEM,UNIDADE,26.00,201.00,0.00,5226.00,0.00,0.00,CTP30.2026.MAI.01300,False,LUANA RODRIGUES DE SOUSA,30 DIAS,2026-09-08 00:01:26.260346-03:00,2026-09-08 00:01:26.260347-03:00,9
13079,4741,3502,30,HRDIII,HOSPITAL REGIONAL DE DOURADOS ,30.2026.01300.5,"<span id=""docs-internal-guid-188b2e01-7fff-877d-ba4b-64d1ab090ef3""><span style=""font-size: 12pt; font-family: Aptos; font-variant-numeric: normal; font-variant-east-asian: normal; font-variant-alternates: normal; font-variant- normal; font-variant-emoji: normal; vertical-align: baseline; white-space-collapse: preserve;"">  <p style=""text-align:justify""><span style=""font-size: 12pt; 107%; font-family: Arial, sans-serif;"">Trata-se de contrata&#231;&#227;o de empresa para fornecimento de insumos para higieniza&#231;&#227;o com dispensers.</span></p>  </span></span>",DIEGO BATISTA DA SILVA E SOUZA,BÁRBARA ANDRADE MACHADO,2026-09-03 20:56:14.783000-03:00,57633815000125,LEBLON HOSPITALAR LTDA,30.2026.01300-104,-,Vigente,False,,,2026-09-03 20:56:14.783000-03:00,2027-09-03 20:56:14.783000-03:00,,107006,ALCOOL ETILICO 77° GL 70° INPM ESPUMA ANTISSEPTICO 800 ML,107006,ITEM,UNIDADE,15.60,11664.00,0.00,181958.40,0.00,0.00,CTP30.2026.MAI.01300,False,LUANA RODRIGUES DE SOUSA,30 DIAS,2026-09-08 00:01:26.260347-03:00,2026-09-08 00:01:26.260348-03:00,9
13080,4741,3502,30,HRDIII,HOSPITAL REGIONAL DE DOURADOS ,30.2026.01300.5,"<span id=""docs-internal-guid-188b2e01-7fff-877d-ba4b-64d1ab090ef3""><span style=""font-size: 12pt; font-family: Aptos; font-variant-numeric: normal; font-variant-east-asian: normal; font-variant-alternates: normal; font-variant- normal; font-variant-emoji: normal; vertical-align: baseline; white-space-collapse: preserve;"">  <p style=""text-align:justify""><span style=""font-size: 12pt; 107%; font-family: Arial, sans-serif;"">Trata-se de contrata&#231;&#227;o de empresa para fornecimento de insumos para higieniza&#231;&#227;o com dispensers.</span></p>  </span></span>",DIEGO BATISTA DA SILVA E SOUZA,BÁRBARA ANDRADE MACHADO,2026-09-03 20:56:14.783000-03:00,57633815000125,LEBLON HOSPITALAR LTDA,30.2026.01300-104,-,Vigente,False,,,2026-09-03 20:56:14.783000-03:00,2027-09-03 20:56:14.783000-03:00,,107043,DISPENSER TRANSPARENTE P/ ALCOOL ESPUMA REFIL 800 ML,107043,ITEM,UNIDADE,34.00,419.00,0.00,14246.00,0.00,0.00,CTP30.2026.MAI.01300,False,LUANA RODRIGUES DE SOUSA,30 DIAS,2026-09-08 00:01:26.260349-03:00,2026-09-08 00:01:26.260349-03:00,9
13081,4741,3502,30,HRDIII,HOSPITAL REGIONAL DE DOURADOS ,30.2026.01300.5,"<span id=""docs-internal-guid-188b2e01-7fff-877d-ba4b-64d1ab090ef3""><span style=""font-size: 12pt; font-family: Aptos; font-variant-numeric: normal; font-variant-east-asian: normal; font-variant-alternates: normal; font-variant- normal; font-variant-emoji: normal; vertical-align: baseline; white-space-collapse: preserve;"">  <p style=""text-align:justify""><span style=""font-size: 12pt; 107%; font-family: Arial, sans-serif;"">Trata-se de contrata&#231;&#227;o de empresa para fornecimento de insumos para higieniza&#231;&#227;o com dispensers.</span></p>  </span></span>",DIEGO BATISTA DA SILVA E SOUZA,BÁRBARA ANDRADE MACHADO,2026-09-03 20:56:14.783000-03:00,57633815000125,LEBLON HOSPITALAR LTDA,30.2026.01300-104,-,Vigente,False,,,2026-09-03 20:56:14.783000-03:00,2027-09-03 20:56:14.783000-03:00,,23724,LIXEIRA COLETORA DE COPOS,23724,ITEM,UNIDADE,27.79,132.00,0.00,3668.28,0.00,0.00,CTP30.2026.MAI.01300,False,LUANA RODRIGUES DE SOUSA,30 DIAS,2026-09-08 00:01:26.260350-03:00,2026-09-08 00:01:26.260350-03:00,9
13082,4741,3502,30,HRDIII,HOSPITAL REGIONAL DE DOURADOS ,30.2026.01300.5,"<span id=""docs-internal-guid-188b2e01-7fff-877d-ba4b-64d1ab090ef3""><span style=""font-size: 12pt; font-family: Aptos; font-variant-numeric: normal; font-variant-east-asian: normal; font-variant-alternates: normal; font-variant- normal; font-variant-emoji: normal; vertical-align: baseline; white-space-collapse: preserve;"">  <p style=""text-align:justify""><span style=""font-size: 12pt; 107%; font-family: Arial, sans-serif;"">Trata-se de contrata&#231;&#227;o de empresa para fornecimento de insumos para higieniza&#231;&#227;o com dispensers.</span></p>  </span></span>",DIEGO BATISTA DA SILVA E SOUZA,BÁRBARA ANDRADE MACHADO,2026-09-03 20:56:14.783000-03:00,57633815000125,LEBLON HOSPITALAR LTDA,30.2026.01300-104,-,Vigente,False,,,2026-09-03 20:56:14.783000-03:00,2027-09-03 20:56:14.783000-03:00,,56442,DISPENSER TRANSPARENTE P/ COPOS DESCARTAVEIS DE 200ML,56442,ITEM,UNIDADE,36.00,237.00,0.00,8532.00,0.00,0.00,CTP30.2026.MAI.01300,False,LUANA RODRIGUES DE SOUSA,30 DIAS,2026-09-08 00:01:26.260351-03:00,2026-09-08 00:01:26.260352-03:00,9
13083,4741,3502,30,HRDIII,HOSPITAL REGIONAL DE DOURADOS ,30.2026.01300.5,"<span id=""docs-internal-guid-188b2e01-7fff-877d-ba4b-64d1ab090ef3""><span style=""font-size: 12pt; font-family: Aptos; font-variant-numeric: normal; font-variant-east-asian: normal; font-variant-alternates: normal; font-variant- normal; font-variant-emoji: normal; vertical-align: baseline; white-space-collapse: preserve;"">  <p style=""text-align:justify""><span style=""font-size: 12pt; 107%; font-family: Arial, sans-serif;"">Trata-se de contrata&#231;&#227;o de empresa para fornecimento de insumos para higieniza&#231;&#227;o com dispensers.</span></p>  </span></span>",DIEGO BATISTA DA SILVA E SOUZA,BÁRBARA ANDRADE MACHADO,2026-09-03 20:56:14.783000-03:00,57633815000125,LEBLON HOSPITALAR LTDA,30.2026.01300-104,-,Vigente,False,,,2026-09-03 20:56:14.783000-03:00,2027-09-03 20:56:14.783000-03:00,,23353,DISPENSER P/ SABONETE ESPUMA,23353,ITEM,UNIDADE,29.90,1193.00,0.00,35670.70,0.00,0.00,CTP30.2026.MAI.01300,False,LUANA RODRIGUES DE SOUSA,30 DIAS,2026-09-08 00:01:26.260352-03:00,2026-09-08 00:01:26.260353-03:00,9
13084,4741,3502,30,HRDIII,HOSPITAL REGIONAL DE DOURADOS ,30.2026.01300.5,"<span id=""docs-internal-guid-188b2e01-7fff-877d-ba4b-64d1ab090ef3""><span style=""font-size: 12pt; font-family: Aptos; font-variant-numeric: normal; font-variant-east-asian: normal; font-variant-alternates: normal; font-variant- normal; font-variant-emoji: normal; vertical-align: baseline; white-space-collapse: preserve;"">  <p style=""text-align:justify""><span style=""font-size: 12pt; 107%; font-family: Arial, sans-serif;"">Trata-se de contrata&#231;&#227;o de empresa para fornecimento de insumos para higieniza&#231;&#227;o com dispensers.</span></p>  </span></span>",DIEGO BATISTA DA SILVA E SOUZA,BÁRBARA ANDRADE MACHADO,2026-09-03 20:56:14.783000-03:00,57633815000125,LEBLON HOSPITALAR LTDA,30.2026.01300-104,-,Vigente,False,,,2026-09-03 20:56:14.783000-03:00,2027-09-03 20:56:14.783000-03:00,,45269,DISPENSER PARA PAPEL TOALHA ROLO 200 MT,45269,ITEM,UNIDADE,170.00,1197.00,0.00,203490.00,0.00,0.00,CTP30.2026.MAI.01300,False,LUANA RODRIGUES DE SOUSA,30 DIAS,2026-09-08 00:01:26.260354-03:00,2026-09-08 00:01:26.260354-03:00,9
13085,4754,3515,30,HRDIII,HOSPITAL REGIONAL DE DOURADOS ,30.2025.00317.10,"<p class=""MsoBodyText"" style=""margin: 0cm 7.25pt 0.0001pt 3.8pt; text-align: justify; text-indent: 17.4pt; line-height: 150%;""><span style=""text-indent: 17.4pt; background-color: #ffffff;"">Contrata&#231;&#227;o de empresa para loca&#231;&#227;o de mobili&#225;rios de escrit&#243;rio, com fornecimento, substitui&#231;&#227;o e suporte necess&#225;rios para garantir o pleno funcionamento dos mobili&#225;rios locados.</span></p>",KATIA RANIERY PEREIRA DA SILVA ROCHA,"MAYCON VINICIUS RODRIGUES DA SILVA, THALITA DE MATTOS LANGE MORAIS",2026-09-05 11:42:35.983000-03:00,02964380000100,JOHN RICHARD LOCAÇÃO DE MOVEIS LTDA,30.2025.00317-105,-,Vigente,False,,,2026-09-05 11:42:35.983000-03:00,2027-09-05 11:42:35.983000-03:00,,9802S,SERV DE LOCACAO DE MESAS DE ESCRITORIO,9802S,SERVIÇO,UNIDADE,86.15,4800.00,0.00,413520.00,0.00,0.00,CTS30.2025.NOV.00317,False,LUANA RODRIGUES DE SOUSA,30 DIAS,2026-09-08 00:01:26.260355-03:00,2026-09-08 00:01:26.260355-03:00,9
13086,4754,3515,30,HRDIII,HOSPITAL REGIONAL DE DOURADOS ,30.2025.00317.10,"<p class=""MsoBodyText"" style=""margin: 0cm 7.25pt 0.0001pt 3.8pt; text-align: justify; text-indent: 17.4pt; line-height: 150%;""><span style=""text-indent: 17.4pt; background-color: #ffffff;"">Contrata&#231;&#227;o de empresa para loca&#231;&#227;o de mobili&#225;rios de escrit&#243;rio, com fornecimento, substitui&#231;&#227;o e suporte necess&#225;rios para garantir o pleno funcionamento dos mobili&#225;rios locados.</span></p>",KATIA RANIERY PEREIRA DA SILVA ROCHA,"MAYCON VINICIUS RODRIGUES DA SILVA, THALITA DE MATTOS LANGE MORAIS",2026-09-05 11:42:35.983000-03:00,02964380000100,JOHN RICHARD LOCAÇÃO DE MOVEIS LTDA,30.2025.00317-105,-,Vigente,False,,,2026-09-05 11:42:35.983000-03:00,2027-09-05 11:42:35.983000-03:00,,10621S,SERV LOCACAO DE CADEIRAS FIXAS,10621S,SERVIÇO,UNIDADE,46.26,3600.00,0.00,166536.00,0.00,0.00,CTS30.2025.NOV.00317,False,LUANA RODRIGUES DE SOUSA,30 DIAS,2026-09-08 00:01:26.260356-03:00,2026-09-08 00:01:26.260357-03:00,9
13087,4754,3515,30,HRDIII,HOSPITAL REGIONAL DE DOURADOS ,30.2025.00317.10,"<p class=""MsoBodyText"" style=""margin: 0cm 7.25pt 0.0001pt 3.8pt; text-align: justify; text-indent: 17.4pt; line-height: 150%;""><span style=""text-indent: 17.4pt; background-color: #ffffff;"">Contrata&#231;&#227;o de empresa para loca&#231;&#227;o de mobili&#225;rios de escrit&#243;rio, com fornecimento, substitui&#231;&#227;o e suporte necess&#225;rios para garantir o pleno funcionamento dos mobili&#225;rios locados.</span></p>",KATIA RANIERY PEREIRA DA SILVA ROCHA,"MAYCON VINICIUS RODRIGUES DA SILVA, THALITA DE MATTOS LANGE MORAIS",2026-09-05 11:42:35.983000-03:00,02964380000100,JOHN RICHARD LOCAÇÃO DE MOVEIS LTDA,30.2025.00317-105,-,Vigente,False,,,2026-09-05 11:42:35.983000-03:00,2027-09-05 11:42:35.983000-03:00,,9803S,SERV DE LOCACAO DE CADEIRAS DE ESCRITORIO,9803S,SERVIÇO,UNIDADE,52.24,10800.00,0.00,564192.00,0.00,0.00,CTS30.2025.NOV.00317,False,LUANA RODRIGUES DE SOUSA,30 DIAS,2026-09-08 00:01:26.260357-03:00,2026-09-08 00:01:26.260358-03:00,9
13088,4754,3515,30,HRDIII,HOSPITAL REGIONAL DE DOURADOS ,30.2025.00317.10,"<p class=""MsoBodyText"" style=""margin: 0cm 7.25pt 0.0001pt 3.8pt; text-align: justify; text-indent: 17.4pt; line-height: 150%;""><span style=""text-indent: 17.4pt; background-color: #ffffff;"">Contrata&#231;&#227;o de empresa para loca&#231;&#227;o de mobili&#225;rios de escrit&#243;rio, com fornecimento, substitui&#231;&#227;o e suporte necess&#225;rios para garantir o pleno funcionamento dos mobili&#225;rios locados.</span></p>",KATIA RANIERY PEREIRA DA SILVA ROCHA,"MAYCON VINICIUS RODRIGUES DA SILVA, THALITA DE MATTOS LANGE MORAIS",2026-09-05 11:42:35.983000-03:00,02964380000100,JOHN RICHARD LOCAÇÃO DE MOVEIS LTDA,30.2025.00317-105,-,Vigente,False,,,2026-09-05 11:42:35.983000-03:00,2027-09-05 11:42:35.983000-03:00,,10639S,SERV LOCACAO D CADEIRA EXECUTIVA TIPO DIRETOR - COM RODIZIO,10639S,SERVIÇO,UNIDADE,100.01,72.00,0.00,7200.72,0.00,0.00,CTS30.2025.NOV.00317,False,LUANA RODRIGUES DE SOUSA,30 DIAS,2026-09-08 00:01:26.260359-03:00,2026-09-08 00:01:26.260359-03:00,9
